Key,ID,HDOCK_Score_1,HDOCK_Score_2,HDOCK_Score_3,N_PreEpi
Neg_AGTGATCGTGTTAGGT-1_contig_1_1,2,-0.4509784,-0.30673963,-0.26875603,27
Neg_ATGCAGTGTCGTTCTA-1_contig_1_1,13,-0.5759313,-0.62391615,-0.5746551,52
Neg_GGTATGTGTATTACAG-1_contig_1_2,0,-0.6155082,-0.5489584,-0.5179749,49
Neg_AGCCCCTTCGCTCTAT-1_contig_1_1,6,-0.6412369,-0.63531446,-0.56702596,35
Neg_GCTCCTGGTGTTATAG-1_contig_1_1,1,-0.70771605,-0.65748817,-0.5562459,47
Neg_ACATCCAAGACGAACG-1_contig_1_1,3,-0.72732705,-0.66724557,-0.5834825,46
Neg_ACTCCCATCGTTCGTT-1_contig_1,2,-0.67557615,-0.55494034,-0.4835031,36
Neg_CGCTTGCTCCTGTCAT-1_contig_1_1,4,-0.62674844,-0.58874536,-0.5233476,47
Neg_AGTCTCGCAAAGTTCC-1_contig_2,6,-0.61126804,-0.6005854,-0.52939993,47
Neg_GGTTCAGGTCGTACAG-1_contig_1_1,17,-0.61413956,-0.60939527,-0.49068338,48
Neg_GGTTCATCACTAAGTC-1_contig_1_1,11,-0.33568788,-0.31744167,-0.32238558,33
Neg_CCTTTGGTCCGATAAT-1_contig_1_1,16,-0.7866266,-0.77440614,-0.662185,46
Neg_AGTGCAGAGATACCAT-1_contig_1_1,5,-0.38733262,-0.33370203,-0.2513736,13
Neg_CTAATTCGTGTGGATT-1_contig_1_1,4,-0.80010045,-0.71189624,-0.6609124,54
Neg_GCAACCCCAATGGGGT-1_contig_1_1,18,-0.5497431,-0.5274025,-0.45531732,42
Neg_AGTCTCGCAAAGTTCC-1_contig_2_1,6,-0.61126804,-0.6005854,-0.52939993,47
Neg_AAAGTGGGTCCGTGTT-1_contig_1_1,18,-0.68566996,-0.5653288,-0.4812053,46
Neg_AGTCTCGCAAAGTTCC-1_contig_2_2,14,-0.42731398,-0.4096677,-0.40679842,31
Neg_AGTCGGGCACGCGTAC-1_contig_1_1,20,-0.45201212,-0.3553233,-0.26003036,34
Neg_CTACAAGTCAACGCTA-1_contig_1_1,16,-0.5240339,-0.45741963,-0.45234963,44
Neg_ATGGCCCCAAAACTCC-1_contig_1_1,16,-0.6163306,-0.64638877,-0.55230314,51
Neg_CATACTTGTACCATGG-1_contig_1_1,11,-0.3969341,-0.36406028,-0.38432497,53
Neg_CCTAAAGTCACTACTC-1_contig_1_1,13,-0.5887697,-0.4540653,-0.44244534,39
Neg_ACGCCCTTCATAATTG-1_contig_1,4,-0.68526137,-0.6933178,-0.590974,39
Neg_GGTATTAGTGGAACTT-1_contig_1_1,19,-0.7457628,-0.72072566,-0.67387635,46
Neg_CAAGGCGCAGCAACTT-1_contig_1_1,1,-0.7709877,-0.6960499,-0.61879796,47
Neg_ACCCACGAGATGGTAA-1_contig_1,5,-0.6035169,-0.6143323,-0.53529954,45
Neg_ACCCACGAGATGGTAA-1_contig_1_1,5,-0.6035169,-0.6143323,-0.53529954,45
Neg_AGTGGTCTCCGCTACC-1_contig_1_1,14,-0.5235539,-0.4035964,-0.37238365,48
Neg_GTAAGGTAGGCTCGTG-1_contig_1_1,11,-0.5319724,-0.41913158,-0.36310667,46
Neg_AGGCACGCAAGGTTAG-1_contig_1,20,-0.4512877,-0.3809466,-0.3678561,47
Neg_CCGTTTCCAAGTAAAC-1_contig_1_1,3,-0.6996846,-0.6500241,-0.51505816,38
Neg_ACATCCAAGACGAACG-1_contig_1,3,-0.72732705,-0.66724557,-0.5834825,46
Neg_CTCACCTCACATACCG-1_contig_1_1,16,-0.77157617,-0.7579456,-0.6571787,43
Neg_CTGTCTAGTGGGGAAT-1_contig_2_2,14,-0.62335014,-0.58627003,-0.56817657,47
Neg_CATCGACAGCGTTCAA-1_contig_1_1,18,-0.29714483,-0.24913675,-0.24883321,24
Neg_AAAGTGGGTCCGTGTT-1_contig_1,18,-0.68566996,-0.56532884,-0.48120537,46
Neg_AGTCGGGCACGCGTAC-1_contig_1,20,-0.45201218,-0.35532334,-0.26003033,34
Neg_ACGCCCTTCATAATTG-1_contig_1_1,4,-0.68526137,-0.6933178,-0.590974,39
Neg_ACCTGTAAGCAAATGA-1_contig_1,16,-0.53172153,-0.41618803,-0.38132212,47
Neg_ACCTGTAAGCAAATGA-1_contig_1_1,16,-0.53172153,-0.41618803,-0.38132215,47
Neg_CTCAGGTAGGCACGAA-1_contig_2_2,1,-0.96918917,-0.86955154,-0.77931803,39
Neg_CATAGTAGTACAATTG-1_contig_1_1,14,-0.66231227,-0.6764183,-0.5902225,43
Neg_CACAGAACAGTGGACG-1_contig_1_1,2,-0.58664614,-0.5231758,-0.5024126,44
Neg_CCGCCAAAGCATGTTG-1_contig_1_1,12,-0.6880061,-0.5975174,-0.5109578,37
Neg_AATCTCTGTCTTCTAG-1_contig_1,11,-0.5455299,-0.51246846,-0.47176865,45
Neg_CGGTGCATCGTTCATC-1_contig_1_1,1,-0.60589176,-0.5894101,-0.48200715,45
Neg_AATCTCTGTCTTCTAG-1_contig_1_1,11,-0.5455299,-0.5124684,-0.47176856,45
Neg_ATTGGGCTCCACGAGT-1_contig_1_1,4,-0.81246936,-0.7840611,-0.7012765,44
Neg_CAACTCCGTATCTCGC-1_contig_1_1,8,-0.35700572,-0.4139733,-0.40931877,44
Neg_CCTACGCTCAGTAAAG-1_contig_1_1,3,-0.7677278,-0.6955908,-0.6121402,39
Neg_CTCAGGTAGGCACGAA-1_contig_2_1,5,-0.7870913,-0.6896881,-0.61760783,55
Neg_AGCCCCTTCGCTCTAT-1_contig_1,6,-0.64123684,-0.63531446,-0.5670259,35
Neg_ACTCCCATCGTTCGTT-1_contig_1_1,2,-0.67557615,-0.55494034,-0.48350316,36
Neg_ATAGGGCCAGTGTTAC-1_contig_1_1,1,-0.6505417,-0.6037339,-0.54840636,40
Neg_CTGTCTAGTGGGGAAT-1_contig_2_1,10,-0.6167305,-0.5396049,-0.50641745,46
Neg_CCCACGTTCAGTATTA-1_contig_1_1,12,-0.50481564,-0.51456654,-0.47901446,40
Neg_ACATGGGAGGCAATCC-1_contig_1,11,-0.34606516,-0.20721105,-0.13674611,38
Neg_CCTTGCCAGAACAGGT-1_contig_1_1,6,-0.60915,-0.5627655,-0.49801606,47
Neg_GGCGAAGGTCACGCCC-1_contig_1_1,15,-0.7117338,-0.5637407,-0.48280805,43
Neg_CCGTATAAGAGGGGCT-1_contig_1_1,12,-0.7641412,-0.7130054,-0.6471916,48
Neg_AGTGATCGTGTTAGGT-1_contig_1_2,0,-0.57936704,-0.45861745,-0.4030729,37
Neg_CATATCGAGCTGCAAC-1_contig_1_1,7,-0.6090323,-0.66354954,-0.5746368,52
Neg_ACATGGGAGGCAATCC-1_contig_1_1,11,-0.3460651,-0.20721103,-0.13674611,38
Neg_AGGCACGCAAGGTTAG-1_contig_1_1,20,-0.4512877,-0.3809466,-0.36785606,47
